<?xml version="1.0" encoding="UTF-8"?>
<features xmlns="http://karaf.apache.org/xmlns/features/v1.3.0" name="coda-1.5">
	<feature name="coda" version="1.5">
		<feature version="[3.1.2,4)">spring</feature>
		<feature version="[2.2,5)">obr</feature>
		<bundle dependency="true">mvn:com.google.guava/guava/18.0</bundle>
		<bundle dependency="true">mvn:javax.inject/com.springsource.javax.inject/1.0.0</bundle>
		<bundle dependency="true">mvn:org.apache.commons/commons-lang3/3.4</bundle>
		
		<bundle dependency="true">wrap:mvn:org.antlr/stringtemplate/3.2.1</bundle>
		<bundle dependency="true">wrap:mvn:org.antlr/antlr-runtime/3.3</bundle>
		
		<bundle>mvn:it.uniroma2.art.coda/coda-converters/1.5</bundle>
		<bundle>mvn:it.uniroma2.art.coda/coda-osgi-bundle/1.5</bundle>
		
         <!-- Load all configuration files from mvn local repository -->
		<configfile finalname="/etc/it.uniroma2.art.coda.provisioning.cfg" override="false">
			mvn:it.uniroma2.art.coda/coda-karaf/1.5/cfg/provisioning
		</configfile>
	</feature>
	<feature name="coda-legacy" version="1.5">
		<feature>coda</feature>
		<bundle>mvn:it.uniroma2.art.coda/coda-legacyconverters/1.5</bundle>
	</feature>

</features>
